date;id;wordstat;hit;position;used;sources;top_hosts
2026-09-04;A1.4;штрих код для товара;1;3;0;10;flexomir-v.ru scanport.ru kovtun.studio ean-13.ru cs-garant.ru
2026-09-04;A1.1;что должно быть на этикетке;0;;0;10;mylabel.pro kdelu.vtb.ru shopify.com pravo.rg.ru depotwpf.ru
2026-09-04;A1.2;тр тс 022 маркировка;0;;0;7;shkoladolakovo-r26.gosweb.gosuslugi.ru giv.ryazan.gov.ru docs.cntd.ru mosrst.ru euro-register.ru
2026-09-04;A1.3;маркировка этикетки;0;;0;10;label4u.ru sticker-label.ru standartno.by reg.ru cleverence.ru
2026-09-04;A5.1;макет этикетки;0;;0;10;pr-home.ru diglabel.ru kaboyashiug.ru unisender.com a-cifra.ru
2026-09-04;A5.3;пробная печать;0;;0;8;centralprint.ru krasnodar.ronbel.ru tppack.ru nextprint.su td-laser.ru
2026-09-04;A4.1;сколько стоит дизайн этикетки;0;;0;8;ceraprom.ru radareklama.ru artsdelka.ru depotwpf.ru brand-hub.ru
2026-09-04;A4.2;дизайн упаковки цена;0;;0;10;blog.dvaslova.com fineartbox.ru mediaquad.ru profi.ru profsoyuz-creative.ru
2026-09-04;A6.3;ребрендинг упаковки;0;;0;10;krasnodar.ronbel.ru wehaveidea.ru greenmars.ru repinabranding.ru lvmd.ru
2026-09-04;A3.1;дизайн линейки продукции;1;2;1;5;lvmd.ru design.kovtun.studio repinabranding.ru media.contented.ru tppack.ru
2026-09-04;A0.1;заказать дизайн упаковки;0;;0;10;greenmars.ru top-creative.ru getbrand.ru eyestop.ru depotwpf.ru
2026-09-04;B1.1;брендирование авто;0;;0;5;magnetto.pro autopr.pro vinyl-tm.ru dzen.ru vc.ru
2026-09-04;B2.1;реклама на авто закон;0;;0;5;consultant.ru vbr.ru xn--80ajmccdt.xn--p1ai ascon-spb.ru avtocod.ru
2026-09-04;B3.1;сколько стоит реклама на авто;0;;0;10;vinyl-tm.ru carner.ru xn----7sbabvd5aikkyd1b6d0dxb.xn--p1ai super-vinyl.ru detailing-bm.ru
